{
    "Host Name": [
        0.0,
        627.0,
        1400.0,
        2058.2000000000007,
        2775.2666666666664,
        3525.0,
        4515.0,
        5038.0,
        5608.533333333333,
        6435.5999999999985,
        7135.0,
        7886.0,
        8810.0,
        9590.866666666669,
        10363.0,
        11450.0
    ],
    "Host ID": [
        2438.0,
        130275.85,
        304635.2,
        519554.0,
        807391.2,
        1165083.75,
        1418015.0,
        1640359.1500000004,
        2015914.0,
        2367894.95,
        2736755.0,
        3119599.9500000007,
        3510780.0000000005,
        3939441.3000000003,
        4310637.500000001,
        4765305.0,
        5365769.800000001,
        5974412.000000003,
        6527911.2,
        7136700.0,
        7727013.0,
        8481125.0,
        9271550.700000001,
        9989761.0,
        10643318.8,
        11489466.25,
        12439059.700000003,
        13566269.450000005,
        14856020.200000001,
        15979645.500000007,
        16827446.5,
        17842163.2,
        19303369.0,
        20480753.85,
        21721684.0,
        22753099.5,
        23961390.000000007,
        24968773.10000001,
        26432133.0,
        28341940.35000001,
        30283594.0,
        32220032.05,
        34161028.0,
        36208508.45,
        38477721.600000046,
        40607353.5,
        43108528.400000006,
        45408823.15,
        47735494.0,
        49750805.0,
        51663030.0,
        55198360.650000006,
        59511275.400000006,
        63320725.550000146,
        68228552.0,
        73251266.75,
        78177901.60000002,
        83927249.25,
        91321899.50000007,
        99110166.45000008,
        105485520.0,
        109884348.65000005,
        118769720.4,
        126626529.0,
        133423452.40000004,
        139257584.75,
        148237535.0,
        156671023.3,
        163214850.40000004,
        175730239.0,
        187776792.0,
        198666693.9,
        208534194.6,
        217872304.00000033,
        222149081.80000013,
        228879817.0,
        238412599.00000045,
        249074624.45000005,
        259079669.80000004,
        265662009.0,
        274321313.0
    ],
    "Latitude": [
        40.49979019165039,
        40.64031982421875,
        40.660179138183594,
        40.671810150146484,
        40.678810119628906,
        40.68415222167969,
        40.68817901611328,
        40.6927604675293,
        40.698699951171875,
        40.70557891845703,
        40.71017837524414,
        40.71466064453125,
        40.7193717956543,
        40.72454071044922,
        40.72951126098633,
        40.73691940307617,
        40.74449157714844,
        40.751670837402344,
        40.75973892211914,
        40.76449966430664,
        40.772071838378906,
        40.78519821166992,
        40.800689697265625,
        40.81384719848633,
        40.832376403808595,
        40.91305923461914
    ],
    "Longitude": [
        -74.24442291259766,
        -74.0051498413086,
        -73.99822784423829,
        -73.9934927368164,
        -73.98941802978516,
        -73.98612213134766,
        -73.98277282714844,
        -73.97904205322266,
        -73.97321319580078,
        -73.96636199951172,
        -73.96199798583984,
        -73.95858764648438,
        -73.95567321777344,
        -73.95313262939453,
        -73.9504623413086,
        -73.94766998291016,
        -73.94463928222656,
        -73.94168853759766,
        -73.93852233886719,
        -73.93240112304687,
        -73.92624053955078,
        -73.91966674804688,
        -73.91143798828125,
        -73.8947622680664,
        -73.84847198486328,
        -73.7129898071289
    ]
}